섹션,항목,내용,쓰지 않는 것,비고
산출물,정보구조도,화면 전집합 · 메뉴 계층 · 진입 · 이탈 · 차단 · 강제,기능 단위 동작,
산출물,기능정의서,기능 단위 조건 · 트리거 · 동작 · 판정기준,화면 폭 분기 · 컴포넌트 지정,
산출물,데이터 사전,게이팅에 쓰는 상태값 · 저장 형식 · 전이,필드 전수 목록,DB 가 없으면 저장 위치(localStorage 등)를 테이블 자리에 적는다
산출물,룰,유효성 판정식 · 목적 · 위반 시 결과 · 강제 수준,노출 방식 · 문구,한 행에 규칙 하나
산출물,밸리데이션,룰이 걸리는 지점 · 검사 시점 · 노출 방식 · 오류·경고 문구,판정식 원문 (룰 소관) · 성공 안내,한 룰이 여러 지점에 걸리면 여러 행
산출물,문구정의서,오류·경고를 뺀 화면 문구 원문 · 유형 · 노출 조건,오류·경고 문구 (밸리데이션 소관),성공·진행 토스트도 여기 둔다
산출물,공통 동작,상태 유지 · 렌더링 · 성능 · 에러 처리 · 지원 환경 · 보존 · 보안,화면에 드러나는 동작,
공통 값,공통 컬럼,식별자 · Status · Created Version · Updated Version,,
공통 값,식별자,SCR- · F- · ST- · NF- · TXT- · RL-,트랙 코드 (SCR-WEB-001),접두어-일련번호 세 자리
공통 값,Status,live · new · change · deferred · to be deleted · deleted,dev,
공통 값,Version,1.9.0 · 2.0.0,v 접두어 · 두 자리 표기 (2.0),주.부.수 세 자리
공통 값,구분,page · modal · drawer · popover · state · overlay,,
공통 값,표기 부호,· 나열 · → 전이 · AND OR 논리 · + 구성,/ 를 나열·분기 구분자로 · 이모지 강조,
공통 값,쉼표,나열은 · 를 쓴다,셀 안의 쉼표,문구정의서 문구 열만 원문 그대로 쉼표를 허용한다
제출 전 점검,재채번,채번을 바꾸면 참조가 통째로 깨진다,,
제출 전 점검,(예시) 행,식별자 앞에 (예시) 를 붙인 행,,
