문서,컬럼,역할,값·형식,필수,주의
공통,식별자,행을 가리키는 자체 ID,접두어-일련번호,필수,앞 네 열은 모든 시트에서 같은 자리다 · 재사용 금지 · 결번 허용
공통,Status,행의 수명,live · new · change · deferred · to be deleted · deleted,필수,dev 는 기획 상태값이 아니다
공통,Created Version,처음 추가된 버전,1.9.0 · 2.0.0,필수,한 번 정해지면 바뀌지 않는다
공통,Updated Version,마지막으로 변경된 버전,1.9.0 · 2.0.0,필수,new·change 행만 갱신한다 · to be deleted 는 건드리지 않는다
공통,Notes,보충,자유 서술,선택,
정보구조도,SCR ID,화면 식별자,SCR-012,필수,URL 없는 화면(모달·드로어·상태 분기)도 여기서 채번한다
정보구조도,Route (URL·Screen),화면 위치,URL 경로,조건부,state 행은 부모와 같은 값을 적는다 · modal·drawer·popover 는 공란
정보구조도,구분,화면 유형,page · modal · drawer · popover · state · overlay,필수,drawer = 화면 가장자리에서 올라오거나 붙는 패널·시트 · state = 그 안에서 내용만 바뀌는 상태
정보구조도,Description,화면 설명,컴포넌트 - 상태 (내용),필수,어느 시트·패널의 무엇인지 이름만 보고 알 수 있게 쓴다 · 예: 편집 시트 - 이미지 편집
정보구조도,Depth1~Depth4,메뉴 계층,상위 → 하위,조건부,URL 세그먼트가 아니라 메뉴 계층이다
정보구조도,Entry,어디서 들어오나,SCR- [버튼] 클릭,필수,출처는 SCR ID 로 적는다 · 범위는 SCR-004~SCR-008
정보구조도,Exit,여기서 어디로 나가나,[버튼] → SCR-,필수,목적지는 SCR ID 로 적는다 · 이어지는 화면이 없으면 종결이라고 적는다
정보구조도,Blocked,어디서 막히나,트리거 → 사유 → 목적지,조건부,Exit 의 실패 갈래다 · 같은 버튼이 양쪽에 나오는 것은 정상
정보구조도,Forced,안 불렀는데 뜬다 · 못 빠져나간다,조건 → 화면,조건부,강제 라우팅·차단 화면
정보구조도,Viewport,지원하는 화면 폭,ALL · ~899px · 900px~ · 900px~1499px · 1500px~,필수,폭에 따라 배치·진입·이탈이 달라지면 폭마다 행을 따로 둔다 · 같으면 ALL
기능정의서,F-ID,기능 식별자,F-003,필수,세트의 중심축이다 · 나머지 문서가 전부 이 값으로 만난다
기능정의서,SCR ID,기능이 사는 화면,정보구조도의 SCR- · 복수면 · 로 나열,필수,정보구조도에 실재하는 ID 여야 한다 · 폭별로 갈린 화면은 모두 적는다
기능정의서,Feature,기능 분류,작성 · 블록 · 저장 등,필수,
기능정의서,Function,기능명,명사형 한 덩어리,필수,
기능정의서,Precondition,조건 게이팅,ST- 기준 판정식,조건부,열린 화면 안의 개별 액션을 통제한다 · 공란이면 무조건 실행
기능정의서,Trigger,무엇을 하면,사용자 조작 · 사건,필수,
기능정의서,Behavior,무엇이 일어나나,결과,필수,
기능정의서,판정기준,통과·실패를 무엇으로 가르나,측정 가능한 기준,선택,Behavior 만으로 통과·실패가 갈리지 않을 때 적는다
기능정의서,Notes,보충,자유 서술,조건부,공통 동작이 걸리는 기능은 NF- 를 여기 적는다
데이터 사전,ST ID,상태 식별자,ST-004,필수,
데이터 사전,저장 위치,값이 사는 곳,localStorage 키 · sessionStorage 키 · 메모리 S.ui · 설정 파일,필수,DB 가 있으면 스키마.테이블을 적는다
데이터 사전,경로,값의 위치,canvas.mode · blocks[].type,필수,파생값이면 (판정값) 이라고 적는다
데이터 사전,타입,값 타입,enum · number · boolean · object · JSON,필수,
데이터 사전,의미,무엇을 뜻하는 상태인가,한 줄,필수,
데이터 사전,값 목록,취할 수 있는 값,값(의미) · 값(의미),필수,게이트 판정이 값이 아니라 보유 여부면 그렇게 적는다
데이터 사전,진입 트리거,이 상태가 되는 계기,사건,필수,
데이터 사전,해제 트리거,이 상태에서 벗어나는 계기,사건,필수,벗어나지 않으면 없음
데이터 사전,유지 범위,언제까지 남나,새로고침 후 유지 · 탭 세션 · 새로고침 시 초기화,필수,전이 주체 열을 대신한다: 사용자 한 명뿐이라 주체가 갈리지 않는다
데이터 사전,영향 기능,이 상태가 바꾸거나 막는 것,F- ID,필수,기능정의서 Precondition 과 짝을 이룬다
룰,RL ID,규칙 식별자,RL-001,필수,
룰,규칙명,짧은 이름,명사형,필수,
룰,규칙 문장,규칙을 평서문 한 문장으로,~한다 · ~여야 한다,필수,만약~이면 꼴이 아니라 선언으로 쓴다
룰,판정식,통과 조건,비교식 · 정규식 · AND OR,필수,통과할 때 참이 되게 쓴다
룰,유형,규칙의 성격,정의 · 행동,필수,정의 = 늘 참이어야 하는 구조 · 행동 = 사용자 행동을 막거나 허용
룰,제약 종류,무엇을 보나,필수 · 형식 · 범위 · 허용값 · 자원 한도 · 상태 전제,필수,
룰,입력,판정에 쓰는 값,ST- · 필드 · 파일,필수,
룰,위반 시 결과,어길 때 시스템이 하는 일,차단 · 경고 · 확인 요청 · 자동 보정,필수,자동 보정은 사용자에게 안 알릴 수 있다
룰,강제 수준,넘어갈 길이 있나,엄격 · 확인 후 진행 · 권장,필수,
룰,목적,왜 두나,한 줄,필수,
룰,근거,어디서 왔나,NF- · 플랫폼 한도 · 표준,선택,
밸리데이션,F-ID,대상 기능,기능정의서의 F-,필수,자체 ID 를 두지 않는다 · 한 기능에 여러 행이 붙는다
밸리데이션,RL ID,적용하는 룰,룰의 RL-,조건부,룰로 올릴 만하지 않은 단발 검사는 공란
밸리데이션,Validation Name,검사 이름,파일 형식 · 저장 공간,필수,
밸리데이션,SCR ID,검사가 일어나는 화면,정보구조도의 SCR-,필수,단일 페이지라 Route 대신 쓴다
밸리데이션,대상,검사하는 것,필드 · 단추 · 파일,필수,
밸리데이션,검사 시점,언제 보나,입력 중 · 확정 시 · 파일 선택 시 · 저장 시 · 떠날 때,필수,
밸리데이션,심각도,얼마나 막나,오류 · 경고 · 안내,필수,오류 = 진행 불가 · 경고 = 진행 가능하나 손실 위험
밸리데이션,노출 방식,어디에 보이나,인라인 · 모달 · 토스트 · 비활성 · 단추 문구 바뀜 · 없음,필수,오류·경고는 토스트를 피한다 · 비활성은 이유를 글로 함께 보인다
밸리데이션,보조기술 전달,스크린리더에 어떻게 알리나,role=alert · role=status · 모달 포커스 · 없음,필수,
밸리데이션,문구,보이는 오류·경고 문구,원문,조건부,노출 방식이 비활성·없음이면 공란
밸리데이션,교정 안내,어떻게 고치면 되는지 문구에 있나,있음 · 없음,필수,
밸리데이션,입력 보존,검사에 걸려도 입력이 남나,Y · N,필수,
밸리데이션,사라짐,문구가 언제 없어지나,자동 N초 · 사용자 · 고치면,필수,
밸리데이션,Description,보충,자유 서술,선택,이 시트만 Notes 대신 Description 을 쓴다
문구정의서,TXT ID,문구 식별자,TXT-021,필수,
문구정의서,화면(SCR ID),어디에 뜨나,정보구조도의 SCR-,필수,정보구조도에 실재하는 ID 여야 한다
문구정의서,유형,문구 종류,모달 · 인라인 · 빈 상태 · 힌트 · 버튼 · 라벨 · 토스트,필수,토스트는 성공·진행 안내만
문구정의서,문구,원문,화면에 그대로 뜨는 문자열,필수,원문 그대로 적는다 · 이 열만 쉼표를 허용한다
문구정의서,노출 조건,언제 뜨나,조건,필수,
문구정의서,F-ID,관련 기능,기능정의서의 F-,필수,
공통 동작,NF ID,규칙 식별자,NF-007,필수,
공통 동작,범주,규칙 종류,상태 유지 · 렌더링 · 성능 · 에러 처리 · 지원 환경 · 보존 · 보안,필수,
공통 동작,규칙,무엇을 보장하는가,한 문장,필수,화면에 드러나지 않는 규칙만 담는다
공통 동작,적용 범위,어디에 걸리나,전역 · F- ID 복수,필수,F- 를 적으면 그 기능 행 Notes 에도 NF- 를 적는다
공통 동작,판정기준,통과·실패를 무엇으로 가르나,측정 가능한 기준,필수,화면에 안 드러나는 규칙이라 이것 없이는 검수할 수 없다
