SCR ID,Status,Created Version,Updated Version,Route (URL·Screen),구분,Description,Depth1,Depth2,Depth3,Depth4,Entry,Exit,Blocked,Forced,Viewport,Notes
SCR-001,live,1.0.0,1.0.0,/,page,편집 메인 - 상단바 + 캔버스 미리보기,편집,,,,주소 진입,[↺ 초기화] → SCR-029 · [↓ 설정 불러오기] → SCR-031 · [↑ 설정 내보내기] → SCR-030 · [🖼️ 이미지 저장] → SCR-036 (휴대 기기) 또는 바로 내려받기,[🖼️ 이미지 저장] AND 블록 0개 → 토스트 (RL-003),저장본 없음 → 설명 발췌를 깐 채로 연다 (F-034),ALL,유일한 페이지 · 미리보기 배율(F-036)·끌어 옮기기(F-037)는 이 화면 안의 조작 · #demo · #debug · #debug-vp · ?fresh 는 주소 옵션
SCR-002,live,1.0.0,1.0.0,/,popover,삽입 메뉴 - 편집 시트 작성창 위 칩 줄,편집,삽입,,,SCR-003 [+] 클릭 · SCR-010 [+] 클릭 (도구 시트를 닫고 연다),[이미지] → SCR-005 · [HTML] → SCR-006 · [음악] → SCR-007 · [서명] → SCR-008 · [가로선] → 캔버스에 추가 후 SCR-003 · [선택 삭제] → SCR-009 · [×] → SCR-003,,,~899px,칩은 그림만 남고 이름은 접힌다 · 블록 0개면 [선택 삭제] 없음
SCR-003,live,1.0.0,1.0.0,/,drawer,편집 시트 - 기본 (작성창 + [↑ 캔버스에 올리기]),편집,작성,,,SCR-001 진입 시 늘 떠 있음 · SCR-004~SCR-009 종료 · SCR-010 [⚙️] 재클릭 · Esc,캔버스 블록 탭 → SCR-004~SCR-008 (블록 종류별) · [+] → SCR-002 · [⚙️] → SCR-010 · [↑ 캔버스에 올리기] → 캔버스에 추가 (태그·마커 감지 시 SCR-028),작성창 비어 있음 → [↑ 캔버스에 올리기] 비활성,,~899px,화면 아래에서 올라온 시트 · 손잡이로 높이 원본·60%·90% (F-038) · ui.stage=composer (ST-002)
SCR-004,live,1.0.0,1.0.0,/,state,편집 시트 - 텍스트 블록 편집,편집,수정,텍스트,,SCR-003 · SCR-010 에서 캔버스 텍스트 블록 탭,[↑ 캔버스에 올리기] · 같은 블록 다시 탭 · Esc · [×] → SCR-003 · [삭제] → [삭제 확인] → SCR-003 · 캐릭터 [+] → SCR-011 · 색 단추 → SCR-035 · [⚙️] → SCR-010,,,~899px,작성창에 그 블록 원문 + 아래에 서식 패널 · ui.stage=format
SCR-005,live,1.0.0,1.0.0,/,state,편집 시트 - 이미지 편집,편집,삽입,이미지,,SCR-002 [이미지] · 캔버스 이미지 블록 탭 · SCR-037 에 사진 놓기,[이미지 넣기] · [자른 대로 적용] · [×] → SCR-003,이미지를 고르기 전 → [이미지 넣기] 비활성 · 이미지 아닌 파일 → 토스트 (RL-001),,~899px,작성창 대신 자르기 편집기가 선다
SCR-006,live,1.0.0,1.0.0,/,state,편집 시트 - HTML 편집,편집,삽입,HTML,,SCR-002 [HTML] · 캔버스 HTML 블록 탭,[↑ 캔버스에 올리기] · [×] → SCR-003,작성창 비어 있음 → [↑ 캔버스에 올리기] 비활성,,~899px,새 HTML 은 작성 단계(insertMode=html) · 블록 탭은 편집 단계 · 넣을 때 정제 (RL-007)
SCR-007,live,1.0.0,1.0.0,/,state,편집 시트 - 음악 플레이어 편집,편집,삽입,음악 플레이어,,SCR-002 [음악] · 캔버스 음악 블록 탭,[확인] · [×] → SCR-003 · 커버 사진 → SCR-033,,SCR-002 [음악] 은 누르는 즉시 빈 블록을 캔버스에 넣고 연다,~899px,누를 때마다 새 블록
SCR-008,live,1.0.0,1.0.0,/,state,편집 시트 - 서명 편집,편집,삽입,서명,,SCR-002 [서명] · 캔버스 서명 블록 탭,[확인] · [×] → SCR-003,,서명이 없으면 빈 서명 블록을 먼저 넣고 연다,~899px,서명은 하나뿐 · 늘 맨 끝 (NF-011)
SCR-009,live,1.0.0,1.0.0,/,state,편집 시트 - 선택 삭제 모드,편집,삽입,선택 삭제,,SCR-002 [선택 삭제],[N개 삭제] · [취소] → SCR-003,0개 선택 → [삭제] 비활성,,~899px,칩 줄 자리에 선택 삭제 막대가 선다 · 블록 탭 = 선택 토글 · ui.bulk (ST-008)
SCR-010,live,1.0.0,1.0.0,/,drawer,도구 시트 - 캐릭터·캔버스·테마 탭,도구,,,,SCR-003~SCR-008 [⚙️] 클릭,탭 안 [⚙️] · Esc → SCR-003 · [+] → SCR-002 · 캐릭터·캔버스·테마 탭 → SCR-011·SCR-012·SCR-013 · 캔버스 블록 탭 → SCR-004~SCR-008,SCR-014 초안 변경 중 이탈 → SCR-032,SCR-016·SCR-017 에서 테마 초안을 든 채 899px 이하로 좁아짐 → SCR-014,~899px,편집 시트와 같은 자리를 번갈아 쓴다 · 작성창·확정 단추는 숨고 [+] 줄은 남는다
SCR-011,live,1.0.0,1.0.0,/,state,도구 시트 - 캐릭터 탭 (목록·추가·편집),도구,캐릭터,,,SCR-010 [캐릭터] · SCR-004 캐릭터 [+],[저장] · 닫기 · [삭제] → [삭제 확인] → 목록 · 사진 칸 → SCR-033 · 말풍선 색 → SCR-035,,,~899px,
SCR-012,live,1.0.0,1.0.0,/,state,도구 시트 - 캔버스 탭 (판형·비율·너비·여백),도구,캔버스,,,SCR-010 [캔버스],다른 탭 → SCR-011·SCR-013,프레임 테마 사용 중 → 비율 고정 표시만 (ST-007),,~899px,
SCR-013,live,1.0.0,1.0.0,/,state,도구 시트 - 테마 탭 (테마 카드 목록),도구,테마,,,SCR-010 [테마],카드 탭 → 적용 · [편집]·[+] → SCR-014 · 다른 탭 → SCR-011·SCR-012,,,~899px,
SCR-014,live,1.0.0,1.0.0,/,state,도구 시트 - 테마 편집기 (배경·말풍선·화면머리·프레임·서식),도구,테마,편집,,SCR-013 [편집]·[+],[저장] · 닫기 · [삭제] → [삭제 확인] → SCR-013 · 배경 이미지 → SCR-034 · 사진 칸 → SCR-033 · 색 칸 → SCR-035,초안 변경 중 탭 전환·도구 닫기·다른 테마 선택·새 테마 → SCR-032,,~899px,ui.themeDraft (ST-010) 를 고친다 · 저장 전에는 원본 불변
SCR-015,live,1.0.0,1.0.0,/,popover,삽입 메뉴 - [+] 아래 세로 칩 목록,편집,삽입,,,사이드 패널 왼쪽 바깥 [+] 클릭,[이미지] → SCR-019 · [HTML] → SCR-020 · [음악] → SCR-021 · [서명] → SCR-022 · [가로선] → 캔버스에 추가 · [선택 삭제] → SCR-023 · [×] → SCR-016·SCR-017,,,900px~,900px~1499px 는 [+] 가 작성창 높이 · 1500px~ 는 화면 위쪽에 고정
SCR-016,live,1.0.0,1.0.0,/,drawer,오른쪽 사이드 패널 - 한 기둥 (위 작성 칸 · 아래 도구 칸),편집,,,,SCR-001 진입 시 늘 떠 있음,밀린 칸 클릭 → 그 칸이 열림 · 캔버스 블록 탭 → SCR-018~SCR-022 · [+] → SCR-015 · 도구 탭 → SCR-024~SCR-026,작성창 비어 있음 → [↑ 캔버스에 올리기] 비활성,캔버스 블록 탭 → 작성 칸이 저절로 열린다,900px~1499px,폭 400px (1400px~ 440px) · 열린 칸 80% · 밀린 칸 20% · [⚙️]·손잡이 없음
SCR-017,live,1.0.0,1.0.0,/,drawer,오른쪽 사이드 패널 - 좌우 두 칸 (왼쪽 작성 칸 · 오른쪽 도구 칸),편집,,,,SCR-001 진입 시 늘 떠 있음,캔버스 블록 탭 → SCR-018~SCR-022 · [+] → SCR-015 · 도구 탭 → SCR-024~SCR-026,작성창 비어 있음 → [↑ 캔버스에 올리기] 비활성,,1500px~,폭 790px · 작성 칸 430px · 두 칸이 늘 함께 열려 있다 · [⚙️]·손잡이 없음
SCR-018,live,1.0.0,1.0.0,/,state,사이드 패널 작성 칸 - 텍스트 블록 편집,편집,수정,텍스트,,SCR-016·SCR-017 에서 캔버스 텍스트 블록 탭,[↑ 캔버스에 올리기] · 같은 블록 다시 탭 · Esc · [×] → SCR-016·SCR-017 · [삭제] → [삭제 확인] · 캐릭터 [+] → SCR-024 · 색 단추 → SCR-035,,,900px~,서식 패널이 작성창 아래에 붙고 도구 칸은 그대로 남는다
SCR-019,live,1.0.0,1.0.0,/,state,사이드 패널 작성 칸 - 이미지 편집,편집,삽입,이미지,,SCR-015 [이미지] · 캔버스 이미지 블록 탭 · SCR-037 에 사진 놓기,[이미지 넣기] · [자른 대로 적용] · [×] → SCR-016·SCR-017,이미지를 고르기 전 → [이미지 넣기] 비활성 · 이미지 아닌 파일 → 토스트 (RL-001),,900px~,
SCR-020,live,1.0.0,1.0.0,/,state,사이드 패널 작성 칸 - HTML 편집,편집,삽입,HTML,,SCR-015 [HTML] · 캔버스 HTML 블록 탭,[↑ 캔버스에 올리기] · [×] → SCR-016·SCR-017,작성창 비어 있음 → [↑ 캔버스에 올리기] 비활성,,900px~,넣을 때 정제 (RL-007)
SCR-021,live,1.0.0,1.0.0,/,state,사이드 패널 작성 칸 - 음악 플레이어 편집,편집,삽입,음악 플레이어,,SCR-015 [음악] · 캔버스 음악 블록 탭,[확인] · [×] → SCR-016·SCR-017 · 커버 사진 → SCR-033,,SCR-015 [음악] 은 누르는 즉시 빈 블록을 캔버스에 넣고 연다,900px~,
SCR-022,live,1.0.0,1.0.0,/,state,사이드 패널 작성 칸 - 서명 편집,편집,삽입,서명,,SCR-015 [서명] · 캔버스 서명 블록 탭,[확인] · [×] → SCR-016·SCR-017,,서명이 없으면 빈 서명 블록을 먼저 넣고 연다,900px~,
SCR-023,live,1.0.0,1.0.0,/,state,사이드 패널 작성 칸 - 선택 삭제 모드,편집,삽입,선택 삭제,,SCR-015 [선택 삭제],[N개 삭제] · [취소] → SCR-016·SCR-017,0개 선택 → [삭제] 비활성,,900px~,ui.bulk (ST-008)
SCR-024,live,1.0.0,1.0.0,/,state,사이드 패널 도구 칸 - 캐릭터 탭,도구,캐릭터,,,SCR-016·SCR-017 [캐릭터] 탭 · SCR-018 캐릭터 [+],[저장] · 닫기 · [삭제] → [삭제 확인] → 목록 · 사진 칸 → SCR-033 · 말풍선 색 → SCR-035 · 다른 탭 → SCR-025·SCR-026,,,900px~,900px~1499px 에서 밀린 도구 칸을 누르면 80% 로 열린다
SCR-025,live,1.0.0,1.0.0,/,state,사이드 패널 도구 칸 - 캔버스 탭,도구,캔버스,,,SCR-016·SCR-017 [캔버스] 탭,다른 탭 → SCR-024·SCR-026,프레임 테마 사용 중 → 비율 고정 표시만 (ST-007),,900px~,
SCR-026,live,1.0.0,1.0.0,/,state,사이드 패널 도구 칸 - 테마 탭,도구,테마,,,SCR-016·SCR-017 [테마] 탭,카드 탭 → 적용 · [편집]·[+] → SCR-027 · 다른 탭 → SCR-024·SCR-025,,,900px~,
SCR-027,live,1.0.0,1.0.0,/,state,사이드 패널 도구 칸 - 테마 편집기,도구,테마,편집,,SCR-026 [편집]·[+],[저장] · 닫기 · [삭제] → [삭제 확인] → SCR-026 · 배경 이미지 → SCR-034 · 사진 칸 → SCR-033 · 색 칸 → SCR-035,초안 변경 중 탭 전환·다른 테마 선택·새 테마 → SCR-032,,900px~,도구 칸이 늘 보여서 블록 편집으로 옮겨 가도 초안이 남는다 (SCR-014 와 다른 점)
SCR-028,live,1.0.0,1.0.0,,modal,붙여넣은 글 정리 확인,편집,작성,,,SCR-003·SCR-016·SCR-017 [↑ 캔버스에 올리기] AND 태그·마커·따옴표 감지,[정리해서 올리기] · [그대로 올리기] → 캔버스에 추가 · [취소] → 부른 화면 (글 유지),,,ALL,걸리는 것이 없으면 뜨지 않는다 · 블록 수정·HTML 에서는 묻지 않는다
SCR-029,live,1.0.0,1.0.0,,modal,초기화 항목 선택,상단바,초기화,,,SCR-001 [↺ 초기화],[선택 항목 초기화] → SCR-001 (앱 캐시 포함 시 새로 불러옴) · [취소],,,ALL,
SCR-030,live,1.0.0,1.0.0,,modal,설정 내보내기 항목 선택,상단바,설정 내보내기,,,SCR-001 [↑ 설정 내보내기],[선택 항목 내보내기] → JSON 내려받기 · [취소],,,ALL,
SCR-031,live,1.0.0,1.0.0,,modal,설정 불러오기 항목·방식 선택,상단바,설정 불러오기,,,SCR-001 [↓ 설정 불러오기] → 파일 선택,[선택 항목 불러오기] · [취소] → SCR-001,무효 파일 → 모달 없이 토스트 (RL-002),,ALL,파일에 없는 항목은 비활성
SCR-032,live,1.0.0,1.0.0,,modal,저장하지 않은 테마 수정 확인,도구,테마,,,SCR-014·SCR-027 초안 변경 중 이탈,[저장] · [버리고 나가기] → 가려던 화면 · 바깥 탭 → SCR-014·SCR-027,,초안이 바뀐 채 떠나려 하면 반드시 뜬다,ALL,
SCR-033,live,1.0.0,1.0.0,,modal,이미지 자르기 - 캐릭터 사진·음악 커버·화면머리 사진,도구,,,,SCR-011·SCR-024 사진 칸 · SCR-007·SCR-021 커버 · SCR-014·SCR-027 화면머리 사진,[확인] · [제거] · [취소] → 부른 화면,,,ALL,틀 비율과 굽는 크기는 부르는 쪽이 정한다 (기본 1:1 · 256px)
SCR-034,live,1.0.0,1.0.0,,modal,배경 이미지,도구,테마,,,SCR-014·SCR-027 배경 이미지,[확인] · [제거] · [취소] → 부른 화면,,,ALL,고른 비율이 캔버스에도 적용된다
SCR-035,live,1.0.0,1.0.0,,popover,색 고르기 - 팔레트 → HSV 피커,편집,,,,SCR-004·SCR-018 색 단추 · SCR-011·SCR-024 말풍선 색 · SCR-014·SCR-027 색 칸,색 선택 · 바깥 탭 → 부른 화면,,,ALL,
SCR-036,live,1.0.0,1.0.0,,drawer,저장 결과 시트 - 공유·내려받기·복사,상단바,이미지 저장,,,SCR-001 [🖼️ 이미지 저장] 완료 (휴대 기기),[닫기] · Esc · 바깥 탭 → SCR-001,,,~899px,화면 아래에서 올라온다 · 휴대 기기 = iOS(폭 무관) 또는 터치 + 900px 이하 · 그 밖에는 이 화면 없이 바로 내려받는다
SCR-037,live,1.0.0,1.0.0,,overlay,끌어놓기 안내막,편집,,,,파일을 창 위로 끌어옴,이미지 놓기 → SCR-005·SCR-019 · 벗어남 → 부른 화면,이미지 아닌 파일 → 토스트 (RL-001) · 다른 모달이 떠 있음 → 무시,,ALL,폭 제한은 없지만 사실상 마우스 환경
SCR-038,live,1.0.0,1.0.0,#demo,modal,설명 화면 다시 깔기 확인,편집,,,,주소에 #demo AND 블록 1개 이상,[확인] → 설명 발췌 · [취소] → SCR-001,,캔버스가 비어 있으면 묻지 않고 깐다,ALL,브라우저 기본 confirm 창
SCR-039,live,1.0.0,1.0.0,#debug-vp,overlay,진단용 뷰포트 자,개발,,,,주소에 #debug-vp,없음 (새로고침),,,ALL,개발용 · 사용자 동선 아님
