F-ID,Status,Created Version,Updated Version,SCR ID,Feature,Function,Precondition,Trigger,Behavior,판정기준,Notes
F-001,live,1.0.0,1.0.0,SCR-003 · SCR-016 · SCR-017,작성,문단 올리기,작성창 글 1자 이상 AND ST-002 = composer,[↑ 캔버스에 올리기] · Ctrl/⌘+Enter,빈 줄 기준으로 텍스트 블록 여러 개 생성 · 저장은 한 번만,원문 순서와 블록 안 줄바꿈이 그대로 남는다,Enter 는 줄바꿈이다 · RL-011 · NF-003
F-002,live,1.0.0,1.0.0,SCR-028,작성,붙여넣은 글 정리,새 글 올리기 AND 블록 수정 아님 AND HTML 아님 AND 태그·마커·따옴표 1곳 이상,F-001 실행,걸린 갈래만 모달에 올린다 → 고른 갈래만 걷어내고 올린다 · 그대로 올리기 가능,단추로 준 서식(<b> 등)은 남는다,걸리는 것이 없으면 모달 없이 바로 올린다
F-003,live,1.0.0,1.0.0,SCR-004 · SCR-005 · SCR-006 · SCR-007 · SCR-008 · SCR-018 · SCR-019 · SCR-020 · SCR-021 · SCR-022,블록,블록 수정,ST-005 블록 1개 이상 AND ST-008 = false,캔버스 블록 짧게 탭,블록 종류에 맞는 편집 상태를 연다 · 텍스트는 작성창에 원문을 펴고 치는 대로 캔버스에 반영,,빈 글로 확정하면 텍스트 블록이 지워진다 · 같은 블록 다시 탭 → 선택 해제 · 도구 시트(SCR-010)에서 탭해도 편집으로 간다
F-004,live,1.0.0,1.0.0,SCR-004 · SCR-018,블록,글자 서식,블록 선택됨,정렬·색 지정·형광펜·크기·서식·주석·글꼴 단추,선택 영역이 있으면 그 부분만 · 없으면 블록 전체에 적용,,
F-005,live,1.0.0,1.0.0,SCR-004 · SCR-018,블록,블록 개별 지정 해제,블록에 따로 지정한 값 1개 이상,[전체 설정 따르기],블록 값과 글 속 마커를 함께 지워 테마 서식을 따르게 한다,,작성창 아래 한 줄에 따로 지정한 항목이 보인다
F-006,live,1.0.0,1.0.0,SCR-004 · SCR-018,블록,말풍선 출력·발화자,텍스트 블록 선택됨,[말풍선으로 출력] · 캐릭터 칩 · 위치 좌측·우측,블록을 말풍선으로 그리고 발화자와 좌우를 정한다,,캐릭터가 없으면 칩 자리에 [+] 만 선다
F-007,live,1.0.0,1.0.0,SCR-004 · SCR-018,블록,블록 복제,블록 선택됨,[복제],바로 뒤에 같은 블록을 새 id 로 넣는다,,
F-008,live,1.0.0,1.0.0,SCR-004 · SCR-018,블록,블록 삭제,블록 선택됨,[삭제] → 3초 안에 [삭제 확인],블록을 지우고 작성 단계로 돌아간다,첫 누름만으로는 지워지지 않는다,F-016 으로 되돌릴 수 있다
F-009,live,1.0.0,1.0.0,SCR-001,블록,블록 순서 이동,선택 삭제 모드 아님,마우스 끌기 · 터치 420ms 누른 뒤 끌기,가장 가까운 블록의 앞·뒤로 옮긴다,,420ms 전에 손가락이 8px 넘게 움직이면 화면 스크롤로 넘긴다
F-010,live,1.0.0,1.0.0,SCR-009 · SCR-023,블록,선택 삭제,ST-005 블록 1개 이상 AND ST-008 = true,[+] › [선택 삭제] → 블록 탭 → [N개 삭제],고른 블록을 한 번에 지운다 · [전체 선택·해제] 가능,0개 선택이면 삭제 단추 비활성,블록 0개면 [선택 삭제] 칩이 서지 않는다 · 도구로 넘어가면 모드가 꺼진다 · RL-012
F-011,live,1.0.0,1.0.0,SCR-005 · SCR-019 · SCR-037,삽입,이미지 블록,,[+] 이미지 · 파일 끌어놓기,파일 고르기 → 자르기 → [이미지 넣기],,넣기 전 긴 변 1024px 로 다시 굽는다 · 다른 모달이 떠 있으면 끌어놓아도 무시 · RL-001 · RL-014 · NF-007
F-012,live,1.0.0,1.0.0,SCR-006 · SCR-020,삽입,HTML 블록,,[+] HTML → 작성창에 입력 → 올리기,정제 후 <style> 을 각 요소 style 로 굳혀 넣는다 · 원문은 따로 보관,<script>·on* 속성이 캔버스에 남지 않는다,RL-011 · NF-015
F-013,live,1.0.0,1.0.0,SCR-007 · SCR-021,삽입,음악 블록,,[+] 음악,누를 때마다 새 플레이어 블록 · 제목·가수·커버·진행률·색 편집,,
F-014,live,1.0.0,1.0.0,SCR-008 · SCR-022,삽입,서명 블록,,[+] 서명,서명이 없으면 만들고 있으면 그것을 연다 · 적는 대로 반영,서명은 늘 블록 목록 맨 끝에 있다,NF-011
F-015,live,1.0.0,1.0.0,SCR-002 · SCR-015,삽입,가로선,,[+] 가로선,누르는 즉시 맨 뒤에 넣고 작성 단계로 돌아간다,,
F-016,live,1.0.0,1.0.0,SCR-001,편집,되돌리기·다시 실행,되돌릴 걸음 1개 이상,Ctrl/⌘+Z · Ctrl/⌘+Shift+Z · 서식 패널 단추,블록·캐릭터·테마·서식·캔버스 전체를 한 걸음 전으로,,NF-005
F-017,live,1.0.0,1.0.0,SCR-011 · SCR-024,캐릭터,캐릭터 관리,,캐릭터 추가·편집·복제·삭제,이름·사진·전용 말풍선 색·나 여부를 저장,,삭제하면 그 캐릭터를 가리키던 블록의 발화자가 풀린다 · NF-007
F-018,live,1.0.0,1.0.0,SCR-012 · SCR-025,캔버스,비율 지정,ST-001 = ratio,판형 [비율 지정] · 비율 9:16·3:4·1:1·4:3·16:9,폭 560px 기준 비율 고정 · 넘치는 블록은 블록 경계에서 다음 장으로,모든 장의 픽셀 크기가 같고 블록이 빠지지 않는다,ST-007 프레임이 비율을 잠그면 그 비율만 선다 (RL-013) · NF-001
F-019,live,1.0.0,1.0.0,SCR-012 · SCR-025,캔버스,내용 맞춤,ST-001 = fit,판형 [내용 맞춤] · 너비 300~1000px,너비를 고정하고 높이를 내용만큼 늘린다,PNG 한 장에 전체 내용이 들어간다,NF-001
F-020,live,1.0.0,1.0.0,SCR-012 · SCR-025,캔버스,여백,,상하좌우 여백 · [개별 지정],캔버스 네 변 여백을 한 값 또는 따로 정한다,,
F-021,live,1.0.0,1.0.0,SCR-013 · SCR-026,테마,테마 적용,,테마 카드 탭,색·말풍선·화면머리·프레임·글자 서식을 한 벌로 바꾼다,,기본 테마 9종
F-022,live,1.0.0,1.0.0,SCR-014 · SCR-027,테마,테마 편집·저장,,테마 편집 → [저장],초안에서 고치고 저장할 때만 원본에 담는다,저장 전 닫으면 원본이 그대로다,ST-010
F-023,live,1.0.0,1.0.0,SCR-032,테마,테마 초안 이탈 확인,ST-010 = 변경됨,탭 전환·도구 닫기·다른 테마 선택·새 테마·도구 시트의 [+],저장 · 버리고 나가기 · 바깥 탭으로 돌아가기 중 고르게 한다,,SCR-027 은 도구 칸이 늘 보여 도구 닫기·블록 편집 이동으로는 뜨지 않는다 · RL-010
F-024,live,1.0.0,1.0.0,SCR-014 · SCR-027,테마,기본 테마 되돌리기,기본 테마 이름 그대로,[↺],그 테마를 처음 값으로 되돌린 초안을 편다 · 저장해야 확정,,이름을 바꾸면 기본 테마가 아니게 되어 단추가 사라진다
F-025,live,1.0.0,1.0.0,SCR-014 · SCR-027,테마,테마 복제·삭제,,[⧉] · [삭제] → [삭제 확인],사본을 만들거나 지운다,,
F-026,live,1.0.0,1.0.0,SCR-014 · SCR-027,테마,단 나누기,ST-001 = ratio,단 1~3 · 단 간격,한 장 안을 여러 단으로 흘린다,,내용 맞춤에서는 쓰지 않는다
F-027,live,1.0.0,1.0.0,SCR-014 · SCR-027,테마,화면머리·프레임,,화면머리 없음·메시지1·메시지2·헤드라인 · 프레임 없음·미니홈피·버디버디,캔버스 위에 메신저 머리나 신문 제호를 세우거나 네 변을 창으로 두른다,,미니홈피는 비율을 4:3 으로 잠근다 (ST-007)
F-028,live,1.0.0,1.0.0,SCR-001,저장,이미지 저장,ST-005 블록 1개 이상,[🖼️ 이미지 저장],글꼴·그림을 심어 PNG 를 만든다 · 비율 지정이면 장마다 한 장,미리보기 배율과 무관하게 같은 픽셀 크기,NF-001 · NF-006 · NF-008 · NF-009
F-029,live,1.0.0,1.0.0,SCR-036,저장,저장 결과 전달,ST-016 = true,F-028 완료,결과 시트에서 공유·내려받기·복사 중 고른다 · 데스크톱은 바로 내려받는다,,공유는 Web Share 가 파일을 받을 때만 선다
F-030,live,1.0.0,1.0.0,SCR-030,설정,설정 내보내기,,[↑ 설정 내보내기] → 항목 선택,캐릭터·테마·캔버스·색 중 고른 것만 JSON 으로 내려받는다,블록(작업 내용)은 담기지 않는다,파일명 발췌설정_YYYY-MM-DD.json
F-031,live,1.0.0,1.0.0,SCR-031,설정,설정 불러오기,ST-009 = 유효,[↓ 설정 불러오기] → 파일 → 항목·방식 선택,더하기 또는 덮어쓰기로 반영한다,,캔버스는 값이 한 벌이라 늘 덮어쓴다 · 사라진 발화자는 풀린다
F-032,live,1.0.0,1.0.0,SCR-029,설정,초기화,,[↺ 초기화] → 항목 선택,캐릭터·캔버스·테마·내용 중 고른 것만 기본값으로,고르지 않은 항목은 그대로다,
F-033,live,1.0.0,1.0.0,SCR-029,설정,앱 캐시 비우기,,초기화 모달에서 [앱 캐시],캐시를 걷고 새 주소로 다시 받는다 · 치던 글은 되돌려 준다,작성한 내용은 지워지지 않는다,NF-012
F-034,live,1.0.0,1.0.0,SCR-001,진입,첫 화면 설명 발췌,저장본 없음,첫 진입,기능을 한 번씩 보여 주는 블록 14개를 깐다 · 내용 맞춤으로 연다,한 번이라도 저장본이 생기면 다시 깔리지 않는다,
F-035,live,1.0.0,1.0.0,SCR-038,진입,설명 화면 다시 깔기,,주소에 #demo,캔버스가 비어 있지 않으면 확인을 받고 깐다,,
F-036,live,1.0.0,1.0.0,SCR-001,미리보기,미리보기 배율,,−·＋·맞춤 · 두 손가락 · Ctrl/⌘+휠,0.5~4배로 화면 배율만 바꾼다,,ST-004 · NF-002
F-037,live,1.0.0,1.0.0,SCR-001,미리보기,미리보기 끌어 옮기기,마우스,블록 밖 빈 자리 끌기,미리보기를 가로·세로로 옮긴다,,손가락은 원래 스크롤이라 켜지 않는다
F-038,live,1.0.0,1.0.0,SCR-003,시트,시트 높이,ST-015 = narrow,손잡이 끌기 · 짧게 누르기,원본·60%·90% 중 가까운 곳에 붙는다 · 짧게 누르면 원본과 직전 크기를 오간다,,ST-003
F-039,live,1.0.0,1.0.0,SCR-001,진단,진단 복사,,[⌁ 진단 복사],최근 이벤트 160건과 기기·뷰포트 수치를 클립보드에 복사,본문·이미지는 담기지 않는다,NF-013
F-040,live,1.0.0,1.0.0,SCR-002 · SCR-015,삽입,삽입 메뉴 열기·닫기,,[+] · [×],칩 목록을 편다 · 도구 시트에서 누르면 도구를 닫고 작성 시트 위에 편다 · 블록 편집·삽입 중에 누르면 작성 기본으로 돌아간다,,블록 0개면 [선택 삭제] 칩이 서지 않는다 · ST-011 · 도구에서 누를 때 ST-010 = 변경됨이면 SCR-032 먼저
F-041,live,1.0.0,1.0.0,SCR-003 · SCR-010,시트,도구 시트 열기·닫기,ST-015 = narrow,[⚙️] · Esc,편집 시트와 도구 시트가 같은 자리를 번갈아 쓴다 · 도구에서는 작성창과 확정 단추가 숨고 [+] 줄은 남는다 · 도구를 열면 선택 삭제 모드를 끈다,,ST-002 = tools · 떠날 때 ST-010 = 변경됨이면 SCR-032 (F-023) · 넓은 화면에는 [⚙️] 가 없다
F-042,live,1.0.0,1.0.0,SCR-011 · SCR-012 · SCR-013 · SCR-024 · SCR-025 · SCR-026,도구,도구 탭 전환,,캐릭터·캔버스·테마 탭,고른 탭을 펴고 작성 쪽을 처음 상태로 되돌린다 (고르던 블록·삽입 중인 것 해제) · 편집하던 캐릭터·테마 초안은 닫는다,,ST-012 · ST-010 = 변경됨이면 SCR-032 먼저 (F-023)
F-043,live,1.0.0,1.0.0,SCR-016,시트,사이드 패널 칸 전환,ST-015 = split,밀린 칸 누르기·포커스 · 캔버스 블록 탭 · 도구 단계 이동,누른 칸을 80% 로 열고 다른 칸을 20% 로 민다 · 캔버스 블록을 탭하면 작성 칸이 저절로 열린다,밀린 칸의 탭을 누르면 칸이 열리면서 그 탭으로 간다 (누른 것이 삼켜지지 않는다),ST-013 · NF-019 · SCR-017 은 두 칸이 늘 열려 있어 쓰지 않는다
F-044,live,1.0.0,1.0.0,SCR-010 · SCR-014,테마,좁아질 때 테마 초안 붙들기,ST-010 = 변경됨 AND ST-002 ≠ tools,화면 폭이 900px 이상에서 899px 이하로 좁아짐,도구 시트 테마 편집기로 데려가 초안을 눈앞에 남긴다,폭이 바뀌어도 고치던 테마 값이 버려지지 않는다,RL-010 · 넓은 화면에서는 도구 칸이 늘 보여 블록 편집으로 옮겨도 초안이 남는다 (SCR-027)
F-045,live,1.0.0,1.0.0,SCR-033,이미지,이미지 자르기,,캐릭터 사진 칸 · 음악 커버 · 화면머리 사진,파일을 고르거나 끌어놓고 틀 안에서 위치·확대를 맞춘다 · [확인] 은 잘라 구워 넣고 [제거] 는 비운다,,틀 비율·굽는 크기는 부르는 쪽이 정한다 (기본 1:1 · 256px) · F-013 · F-017 · F-027 이 부른다 · RL-001 · NF-007
F-046,live,1.0.0,1.0.0,SCR-034,테마,배경 이미지,,테마 편집기 배경 이미지,비율을 고르고 이미지를 잘라 테마 초안의 배경에 담는다 · 고른 비율이 캔버스에도 적용된다,[취소] 하면 판형·비율이 열기 전으로 돌아간다,테마 [저장] 해야 확정 (F-022) · RL-001
F-047,live,1.0.0,1.0.0,SCR-035,색,색 고르기,,블록 색 단추 · 말풍선 색 · 테마 색 칸,팔레트에서 고르거나 HSV 피커·직접 입력으로 정한다 · 고른 색은 최근 색 6개에 남는다,,팔레트를 누르는 동안 작성창 포커스를 지킨다 · 최근 색은 colors.recent (ST-006)
F-048,live,1.0.0,1.0.0,SCR-039,진단,진단용 뷰포트 자,주소에 #debug-vp,주소 진입,창 높이·보이는 영역 높이·포커스 칸 생존 여부를 화면 위에 겹쳐 적는다,,개발용 · 사용자 동선 아님 · 키보드가 올라오다 닫히는 문제를 재기 위한 것 (NF-016)
