ST ID,Status,Created Version,Updated Version,저장 위치,경로,타입,의미,값 목록,진입 트리거,해제 트리거,유지 범위,영향 기능,Notes
ST-001,live,1.0.0,1.0.0,localStorage chat-excerpt/v1,canvas.mode,enum,캔버스 판형,ratio(비율 지정) · fit(내용 맞춤),캔버스 탭 판형 선택 · 설명 발췌는 fit,다른 판형 선택 · 캔버스 초기화 → ratio,새로고침 후 유지,F-018 · F-019 · F-026 · F-028,프레임이 비율을 잠그면 fit 이어도 비율 지정으로 그린다 (ST-007)
ST-002,live,1.0.0,1.0.0,메모리 S.ui,stage,enum,편집 시트가 보여 주는 단계,composer(작성) · format(블록 편집) · tools(도구),블록 탭 → format · ⚙️ → tools,확인·Esc·[×] → composer,새로고침 시 composer,F-001 · F-003 · F-041 · F-044,넓은 화면에서는 tools 가 단계와 무관하게 늘 떠 있다
ST-003,live,1.0.0,1.0.0,메모리 S.ui,snap,number · null,시트 높이,null(원본) · 60 · 90 (dvh),손잡이 끌기·탭,손잡이 끌기·탭,새로고침 시 null,F-038,좁은 화면에서만 쓴다
ST-004,live,1.0.0,1.0.0,메모리 S.ui,previewZoom,number,미리보기 배율,0.5 · 0.67 · 0.8 · 1 · 1.25 · 1.5 · 2 · 3 · 4 (단추) · 그 사이 연속값 (핀치·휠),−·＋·핀치·Ctrl/⌘+휠,맞춤 → 1,새로고침 시 1,F-036,범위 밖 값은 양 끝으로 맞춘다
ST-005,live,1.0.0,1.0.0,localStorage chat-excerpt/v1,blocks[].type,enum,블록 종류,text · image · divider · html · music · footer(서명),올리기·[+] 삽입·설명 발췌,삭제·선택 삭제·내용 초기화,새로고침 후 유지,F-003 · F-028,블록 0개면 이미지 저장 불가 · footer 는 하나뿐이고 늘 맨 끝
ST-006,live,1.0.0,1.0.0,localStorage chat-excerpt/v1,(키 전체),JSON,작업 저장본 한 벌,v(판 12) · blocks · characters · themes · activeThemeId · format · canvas · colors,확정 동작마다 save(),없음 (내용 초기화는 빈 값으로 덮는다),브라우저 저장소가 지워질 때까지,전 기능,쓰기 실패(용량 초과) 시 화면에만 남고 새로고침하면 사라진다 · v 8 미만은 서식·캔버스를 새 기본값으로 옮긴다
ST-007,live,1.0.0,1.0.0,localStorage chat-excerpt/v1,themes[].frame,enum,캔버스를 두르는 창,none · cyworld(미니홈피) · buddy(버디버디),테마 적용·편집,다른 테마 · 프레임 없음,새로고침 후 유지,F-018 · F-027,cyworld 는 비율을 4:3 으로 잠근다
ST-008,live,1.0.0,1.0.0,메모리 S.ui,bulk,boolean,선택 삭제 모드,true · false,[+] › 선택 삭제,N개 삭제·취소·도구 단계 진입,새로고침 시 false,F-003 · F-009 · F-010 · F-041,켜져 있으면 블록 탭이 선택 토글이 되고 끌기·수정은 쉰다
ST-009,live,1.0.0,1.0.0,설정 파일 (JSON),__type · 갈래 키,판정값,불러올 수 있는 설정 파일인가,유효(JSON 이고 characters·themes·canvas·palette·colors 중 1개 이상) · 무효,파일 선택,없음,파일 한 번,F-031,__type 이 없어도 모양이 맞으면 받는다 (손으로 고친 파일 허용)
ST-010,live,1.0.0,1.0.0,메모리 S.ui,themeDraft,object · null,저장하지 않은 테마 수정,null · 변경 없음 · 변경됨(원본과 JSON 이 다름),테마 편집 열기 → 초안 복사 · 값 수정,[저장] · 버리고 나가기,새로고침 시 버려진다,F-022 · F-023,변경됨일 때 떠나려 하면 SCR-032 이 뜬다
ST-011,live,1.0.0,1.0.0,메모리 S.ui,navOpen,boolean,삽입 메뉴가 펴져 있나,true · false,[+] · 칩 동작 중,[×] · 칩 동작 완료 · 단계 이동,새로고침 시 false,F-040,이미지·HTML 을 꽂는 중에는 닫혀 있어도 편 것으로 친다
ST-012,live,1.0.0,1.0.0,메모리 S.ui,tool,enum,도구가 펴고 있는 탭,character(캐릭터) · canvas(캔버스) · theme(테마),도구 탭 누르기 · 블록 편집의 캐릭터 [+] → character,다른 탭 누르기,새로고침 시 character,F-042 · F-017,
ST-013,live,1.0.0,1.0.0,메모리 S.ui,deskPane,enum,한 기둥 사이드 패널에서 열린 칸,dock(작성 칸) · tools(도구 칸),밀린 칸 누르기·포커스 · 단계 이동 (tools 단계 → tools · 그 밖 → dock),다른 칸 누르기·단계 이동,새로고침 시 dock,F-043,900px~1499px 에서만 뜻이 있다
ST-014,live,1.0.0,1.0.0,메모리 S.ui,insertMode,enum · null,작성창을 무엇으로 쓰나,null(글 올리기) · html(HTML 삽입),[+] › [HTML],작성 단계 복귀 · 칩 다시 누름 · 도구 탭 전환,새로고침 시 null,F-001 · F-002 · F-012,html 이면 placeholder 가 TXT-009 로 바뀌고 SCR-028 을 묻지 않는다
ST-015,live,1.0.0,1.0.0,메모리 (창 폭),(판정값) innerWidth,enum,배치 구간,narrow(~899px) · split(900px~1499px) · dual(1500px~),창 폭 바뀜,창 폭 바뀜,매 순간 다시 잰다,F-038 · F-041 · F-043 · F-044,NF-014 · 높이만 바뀌면 다시 그리지 않는다 (NF-016)
ST-016,live,1.0.0,1.0.0,메모리 (기기 판정),(판정값) isHandheld,boolean,저장 결과를 시트로 건넬 기기인가,true(iOS 이거나 터치 + 폭 900px 이하) · false,[🖼️ 이미지 저장] 완료 시 판정,없음,저장할 때마다 판정,F-029,false 면 SCR-036 없이 바로 내려받는다
