RL ID,Status,Created Version,Updated Version,규칙명,규칙 문장,판정식,유형,제약 종류,입력,위반 시 결과,강제 수준,목적,근거,Notes
RL-001,live,1.0.0,1.0.0,이미지 파일만,이미지 블록·사진 칸에는 이미지 파일만 들어간다,file.type ~ /^image\//,행동,허용값,파일 MIME type,차단,엄격,브라우저가 읽을 수 없는 파일로 블록이 깨지는 것을 막는다,FileReader · <input accept=image/*>,
RL-002,live,1.0.0,1.0.0,설정 파일 판별,불러올 파일은 JSON 이고 설정 갈래를 하나 이상 담아야 한다,JSON.parse 성공 AND (characters 배열 OR themes 1개 이상 OR canvas 객체 OR palette 배열 OR colors 객체),행동,형식,파일 내용,차단,엄격,다른 JSON 으로 지금 설정이 덮이는 것을 막는다,ST-009,__type 없는 파일도 모양만 맞으면 받는다
RL-003,live,1.0.0,1.0.0,저장할 내용 존재,이미지는 블록이 하나 이상일 때만 만든다,blocks.length ≥ 1,행동,상태 전제,ST-005,차단,엄격,빈 그림 저장을 막는다,,
RL-004,live,1.0.0,1.0.0,저장 공간 한도,작업 저장본은 브라우저 저장 공간 안에 들어가야 한다,localStorage.setItem(KEY) 예외 없음,행동,자원 한도,ST-006 직렬화 크기,경고,권장,새로고침 때의 조용한 유실을 미리 알린다,localStorage 5MB 안팎 (브라우저 한도),작업은 화면에 남아 계속 쓸 수 있다
RL-005,live,1.0.0,1.0.0,저장 준비 완료,저장 직전 그림은 다 받았고 쓰인 글꼴은 다 심겼어야 한다,모든 img.complete AND naturalWidth > 0 AND 쓰인 동봉 글꼴 ⊂ 심은 CSS,행동,상태 전제,캔버스 img · 쓰인 글꼴,확인 요청,확인 후 진행,대체 글꼴로 줄이 밀린 그림을 막는다,NF-009,같은 사유로 두 번째 누르면 그대로 저장
RL-006,live,1.0.0,1.0.0,바깥 그림 제외,다른 출처에서 굽지 못한 그림은 저장본에서 비운다,src ~ /^https?:/ AND 다른 출처 AND 굽기 실패,행동,허용값,img.src,자동 보정,엄격,그림 한 장 때문에 저장 전체가 실패하지 않게 한다,NF-008 · 브라우저 CORS,
RL-007,live,1.0.0,1.0.0,HTML 정제,HTML 블록에는 실행되거나 앱을 가리는 요소가 남지 않는다,태그 ∉ 금지 목록 AND 속성 ≠ on* · srcdoc · formaction AND href·src ≠ javascript:·vbscript: AND position ≠ fixed,정의,허용값,HTML 원문,자동 보정,엄격,스크립트 실행과 앱 화면 오염을 막는다,NF-015,금지 목록 전체는 safeHTML 참조
RL-008,live,1.0.0,1.0.0,색 값 형식,들여오는 팔레트 색은 #RRGGBB 여섯 자리다,/^#[0-9A-Fa-f]{6}$/,정의,형식,설정 파일 palette,자동 보정,엄격,깨진 색 값이 팔레트에 섞이지 않게 한다,,맞지 않는 값은 조용히 버린다
RL-009,live,1.0.0,1.0.0,미리보기 배율 범위,미리보기 배율은 0.5~4 안에 있다,0.5 ≤ previewZoom ≤ 4,정의,범위,ST-004,자동 보정,엄격,지나친 확대·축소로 화면을 잃지 않게 한다,,범위 밖은 양 끝 값으로 맞춘다
RL-010,live,1.0.0,1.0.0,테마 초안 보호,저장하지 않은 테마 수정은 묻지 않고 버리지 않는다,JSON(themeDraft) ≠ JSON(원본 테마),행동,상태 전제,ST-010,확인 요청,확인 후 진행,고치던 값이 소리 없이 사라지는 것을 막는다,WCAG 3.3.4,
RL-011,live,1.0.0,1.0.0,올릴 글 존재,작성창 글은 공백을 빼고 1자 이상일 때만 올린다,ta.value.trim().length ≥ 1,행동,필수,작성창 글,차단,엄격,빈 블록이 생기는 것을 막는다,,단추를 비활성으로 둔다 · 글 올리기와 HTML 삽입에 같이 걸린다
RL-012,live,1.0.0,1.0.0,선택 삭제 대상 존재,선택 삭제는 고른 블록이 하나 이상일 때만 실행한다,picked.size ≥ 1,행동,필수,고른 블록 목록,차단,엄격,아무것도 지우지 않는 확정을 막는다,,
RL-013,live,1.0.0,1.0.0,프레임 판형 잠금,판형을 정하는 프레임을 쓰는 동안 캔버스 비율은 그 프레임 비율이다,frame = cyworld → ratio = 4:3,정의,허용값,ST-007 · ST-001,자동 보정,엄격,프레임 그림과 판형이 어긋나지 않게 한다,,내용 맞춤이어도 비율 지정으로 그린다 · 프레임을 바꾸면 다시 고를 수 있다
RL-014,live,1.0.0,1.0.0,새 이미지 선택,새 이미지 블록은 파일을 고른 뒤에만 넣는다,draft.src 있음,행동,필수,자르기 편집기의 이미지,차단,엄격,빈 이미지 블록을 막는다,,편집기가 서기 전에는 단추 비활성 · 그 뒤 빈 채로 누르면 토스트
