F-ID,Status,Created Version,Updated Version,RL ID,Validation Name,SCR ID,대상,검사 시점,심각도,노출 방식,보조기술 전달,문구,교정 안내,입력 보존,사라짐,Description
F-011,live,1.0.0,1.0.0,RL-001,끌어놓은 파일 형식,SCR-037,떨어뜨린 파일,파일 선택 시,오류,토스트,없음,이미지 파일만 넣을 수 있습니다,있음 (무엇을 넣을지),Y,자동 1.8초,[검토] 오류를 토스트로 알린다
F-011,live,1.0.0,1.0.0,RL-001,파일 읽기 실패,SCR-005 · SCR-019,고른 파일,파일 선택 시,오류,토스트,없음,이미지를 읽지 못했습니다,없음,Y,자동 1.8초,[검토] 교정 안내 없음
F-031,live,1.0.0,1.0.0,RL-002,설정 파일 판별,SCR-001,고른 JSON 파일,파일 선택 시,오류,토스트,없음,이 도구에서 내보낸 설정 파일이 아닙니다,없음,Y,자동 1.8초,불러오기 모달은 열리지 않는다
F-028,live,1.0.0,1.0.0,RL-003,저장할 블록 없음,SCR-001,[이미지 저장],확정 시,오류,토스트,없음,내보낼 블록이 없습니다,없음,Y,자동 1.8초,[검토] 단추는 켜진 채다
F-028,live,1.0.0,1.0.0,RL-004,저장 공간 초과,SCR-001,작업 저장본,저장 시,경고,토스트,없음,저장 공간이 가득 찼습니다 · 이미지를 줄이거나 블록을 지워주세요,있음,Y,자동 1.8초,[검토] 새로고침하면 유실될 수 있어 눈앞에 남아야 한다
F-028,live,1.0.0,1.0.0,RL-005,글꼴·그림 미도착,SCR-001,[이미지 저장],확정 시,경고,토스트,없음,글꼴(이름)을 아직 못 심었습니다 · 한 번 더 누르면 그대로 저장합니다,있음 (다시 누르기),Y,자동 1.8초,두 번째에는 «…은 채로 저장합니다» 로 바뀐다
F-028,live,1.0.0,1.0.0,RL-006,바깥 그림 제외,SCR-001,캔버스 img,확정 시,안내,토스트,없음,바깥 링크로 넣은 그림 N장은 담기지 않았습니다 · 나머지는 저장했습니다,없음,Y,자동 1.8초,저장은 끝난 뒤 알린다
F-001,live,1.0.0,1.0.0,RL-011,올릴 글 없음,SCR-003 · SCR-016 · SCR-017,[↑ 캔버스에 올리기],입력 중,안내,비활성,없음,,없음,Y,고치면,[검토] 단추가 왜 꺼졌는지 글로 알리지 않는다 · placeholder(TXT-008)만 있다
F-023,live,1.0.0,1.0.0,RL-010,테마 초안 이탈,SCR-032,테마 편집기,떠날 때,경고,모달,모달 포커스,저장하지 않은 테마 수정이 있습니다,있음 (저장·버리기·돌아가기),Y,사용자,저장 · 버리고 나가기 · 바깥 탭
F-008,live,1.0.0,1.0.0,,삭제 두 번 누름,SCR-004 · SCR-018,[삭제],확정 시,경고,단추 문구 바뀜,없음,삭제 확인,있음,Y,자동 3초,[검토] 되돌리기가 있어 확인을 줄여도 된다 (HIG) · 룰 없음
F-012,live,1.0.0,1.0.0,RL-011,올릴 HTML 없음,SCR-006 · SCR-020,[↑ 캔버스에 올리기],입력 중,안내,비활성,없음,,없음,Y,고치면,[검토] 단추가 왜 꺼졌는지 글로 알리지 않는다 · placeholder(TXT-009)만 있다
F-011,live,1.0.0,1.0.0,RL-014,이미지 고르기 전,SCR-005 · SCR-019,[이미지 넣기],확정 시,오류,비활성,없음,,없음,Y,고치면,편집기가 선 뒤 이미지 없이 누르면 토스트 «이미지를 먼저 선택하세요»
F-010,live,1.0.0,1.0.0,RL-012,선택 0개,SCR-009 · SCR-023,[N개 삭제],입력 중,안내,비활성,없음,,있음 (단추 문구),Y,고치면,단추 문구가 «0개 선택» 으로 바뀌어 이유를 보인다
F-018,live,1.0.0,1.0.0,RL-013,프레임 판형 잠금,SCR-012 · SCR-025,판형·비율 선택,입력 중,안내,인라인,없음,«(프레임)» 프레임이 판형을 정합니다 · 테마에서 프레임을 바꾸면 다시 고를 수 있습니다,있음 (프레임 바꾸기),Y,고치면,판형 단추 대신 «4:3 고정» 한 칸만 선다
F-045,live,1.0.0,1.0.0,RL-001,사진 칸 파일 형식,SCR-033 · SCR-034,끌어놓은 파일,파일 선택 시,오류,토스트,없음,이미지 파일만 넣을 수 있습니다,있음 (무엇을 넣을지),Y,자동 1.8초,[검토] 오류를 토스트로 알린다 · 고르기 창은 image/* 만 보인다
F-011,live,1.0.0,1.0.0,,모달 위 끌어놓기,SCR-037,떨어뜨린 이미지,파일 선택 시,안내,없음,없음,,없음,Y,고치면,[검토] 다른 모달이 떠 있으면 조용히 무시한다 · 자르기 모달이면 그 모달이 받는다
F-044,live,1.0.0,1.0.0,RL-010,좁아질 때 테마 초안,SCR-010 · SCR-014,테마 초안,떠날 때,안내,없음,없음,,없음,Y,고치면,모달 없이 도구 시트 테마 편집기로 데려간다 (강제)
F-029,live,1.0.0,1.0.0,,공유 막힘,SCR-036,[↗ 공유 · 사진 앱에 저장],확정 시,오류,토스트,없음,이 브라우저에서는 이미지 공유가 막혀 있습니다 · 길게 눌러 저장해주세요,있음 (길게 눌러 저장),Y,자동 1.8초,[검토] 오류를 토스트로 알린다 · 파일을 못 만들면 «이 브라우저에서는 공유할 수 없습니다»
F-029,live,1.0.0,1.0.0,,공유 실패,SCR-036,[↗ 공유 · 사진 앱에 저장],확정 시,오류,토스트,없음,공유하지 못했습니다 · 이미지를 길게 눌러 저장해주세요,있음 (길게 눌러 저장),Y,자동 1.8초,사용자가 공유 창을 닫은 것은 오류로 치지 않는다
F-029,live,1.0.0,1.0.0,,이미지 복사 막힘,SCR-036,[⧉ 이미지 복사],확정 시,오류,토스트,없음,브라우저가 이미지 복사를 막았습니다,없음,Y,자동 1.8초,[검토] 교정 안내 없음
