NF ID,Status,Created Version,Updated Version,범주,규칙,적용 범위,판정기준,Notes
NF-001,live,1.0.0,1.0.0,렌더링,캔버스는 화면 폭이 아니라 논리 폭(비율 지정 560px 기준 · 내용 맞춤 300~1000px)으로 짠다,F-018 · F-019 · F-028,같은 설정이면 어느 기기에서든 줄바꿈과 PNG 픽셀 크기가 같다,화면이 좁으면 감싸개가 통째로 줄여 보여 준다
NF-002,live,1.0.0,1.0.0,렌더링,미리보기 배율은 저장 결과에 영향을 주지 않는다,F-036,배율 200% 에서 저장한 PNG 가 맞춤 상태와 픽셀 크기·줄바꿈이 같다,
NF-003,live,1.0.0,1.0.0,상태 유지,확정 동작마다 작업 전체를 localStorage 한 키에 저장한다,전역,새로고침 후 블록·캐릭터·테마·서식·캔버스가 그대로 복원된다,대량 붙여넣기는 한 번만 저장한다 · ST-006
NF-004,live,1.0.0,1.0.0,에러 처리,저장 공간 초과는 한 번 알리고 다음 성공 전까지 반복하지 않는다,전역,용량을 넘긴 직후 알림 1회 · 조용한 유실이 없다,
NF-005,live,1.0.0,1.0.0,상태 유지,되돌리기는 최대 80걸음 · 700ms 안에 이어진 변경은 한 걸음으로 묶는다,F-016,글자를 치다 되돌리면 한 글자씩이 아니라 한 덩어리로 돌아간다,새 걸음을 디디면 다시 실행 목록은 비운다
NF-006,live,1.0.0,1.0.0,렌더링,저장 이미지에는 선택선·장 구분선·사본 같은 편집 표시를 넣지 않는다,F-028,블록을 고른 채 저장해도 PNG 에 선택 표시가 없다,
NF-007,live,1.0.0,1.0.0,성능,넣는 이미지는 webp(안 되면 png)로 다시 구워 저장 용량을 줄인다,F-011 · F-017,원본보다 커지면 원본을 쓴다,이미지 블록 1024px · 프로필 256px
NF-008,live,1.0.0,1.0.0,에러 처리,바깥 링크 그림은 저장본에서 그 자리만 비우고 나머지는 저장한다,F-028,그림 한 장 때문에 저장 전체가 실패하지 않고 빠진 장 수를 알린다,
NF-009,live,1.0.0,1.0.0,에러 처리,글꼴·이미지가 덜 왔으면 한 번 막고 다시 받는다 · 같은 사유가 이어지면 그대로 저장한다,F-028,연결이 끊긴 곳에서도 저장이 영영 막히지 않는다,
NF-010,live,1.0.0,1.0.0,지원 환경,동봉 글꼴은 http(s) 로 띄워야 보이고 저장된다,전역,file:// 로 열면 해당 글꼴 대신 안내가 뜬다,./serve.sh · README
NF-011,live,1.0.0,1.0.0,보존,서명 블록은 늘 블록 목록 맨 끝에 둔다,F-014,서명 뒤에 글을 올려도 서명이 바닥에 남는다,
NF-012,live,1.0.0,1.0.0,보존,캐시 비우기는 작업 저장본을 건드리지 않는다,F-033,캐시만 비운 뒤 블록·설정·치던 글이 그대로다,치던 글은 sessionStorage 로 잠깐 맡긴다
NF-013,live,1.0.0,1.0.0,보존,진단 기록에는 본문·이미지·저장본을 담지 않고 서버로 보내지 않는다,F-039,진단 JSON 에 사용자 글이 없다,sessionStorage · 최근 160건
NF-014,live,1.0.0,1.0.0,렌더링,900px·1500px 을 경계로 배치를 바꾼다 (~899px: 아래 시트 한 장을 편집·도구가 번갈아 씀 · 900px~1499px: 오른쪽 한 기둥에 작성 칸·도구 칸 · 1500px~: 좌우 두 칸이 늘 함께),전역,899px·900px 과 1499px·1500px 에서 배치가 갈린다,사이드 패널 폭 400px (1400px~ 440px) · 1500px~ 790px · ST-015
NF-015,live,1.0.0,1.0.0,보안,HTML 블록은 넣기 전에 정제한다: 위험 태그·on* 속성·javascript: 링크 제거 · <style> 은 요소 style 로 굳힌다,F-012,HTML 블록이 앱 화면(상단바·단추 색)을 바꾸지 못한다,범주 «보안» 은 새로 더한 값이다
NF-016,live,1.0.0,1.0.0,렌더링,키보드·주소창으로 높이만 바뀌면 패널을 다시 그리지 않는다,전역,입력칸을 눌렀을 때 키보드가 올라오다 닫히지 않는다,iOS 는 입력 포커스 자동 확대를 막으려 페이지 배율을 잠근다
NF-017,live,1.0.0,1.0.0,에러 처리,창 어디에 파일을 떨어뜨려도 브라우저가 페이지를 바꾸지 않는다,전역,이미지가 아닌 파일을 떨어뜨려도 작업이 사라지지 않는다,
NF-018,live,1.0.0,1.0.0,지원 환경,Chrome·Safari·Edge 최신 2개 버전과 모바일 웹을 지원한다,전역,각 브라우저 최신 2개 버전에서 F-001 · F-028 이 끝까지 된다,이전 문서 기준
NF-019,live,1.0.0,1.0.0,렌더링,사이드 패널 칸을 바꿀 때는 패널을 다시 그리지 않고 칸 크기만 바꾼다,F-043,칸을 바꿔도 치던 자리와 골라 둔 선택 영역이 남는다,ST-013
