TXT ID,Status,Created Version,Updated Version,화면(SCR ID),유형,문구,노출 조건,F-ID,Notes
TXT-001,live,1.0.0,1.0.0,SCR-001,라벨,채팅 발췌기,늘,,상단바 이름
TXT-002,live,1.0.0,1.0.0,SCR-001,버튼,↺ 초기화,늘,F-032,좁은 화면은 아이콘만
TXT-003,live,1.0.0,1.0.0,SCR-001,버튼,↓ 설정 불러오기,늘,F-031,
TXT-004,live,1.0.0,1.0.0,SCR-001,버튼,↑ 설정 내보내기,늘,F-030,
TXT-005,live,1.0.0,1.0.0,SCR-001,버튼,⌁ 진단 복사,늘,F-039,
TXT-006,live,1.0.0,1.0.0,SCR-001,버튼,🖼️ 이미지 저장,늘,F-028,
TXT-007,live,1.0.0,1.0.0,SCR-001,빈 상태,"블록을 클릭하면 수정 · 끌면 순서 이동
(터치는 꾹 눌렀다 끌기)",블록 0개,F-003,클릭·끌면·꾹 눌렀다는 굵게 · 줄바꿈 1회
TXT-008,live,1.0.0,1.0.0,SCR-003 · SCR-016 · SCR-017,힌트,문단을 기준으로 블록이 구분됩니다.,작성창이 비었을 때,F-001,placeholder
TXT-009,live,1.0.0,1.0.0,SCR-003 · SCR-016 · SCR-017,힌트,HTML 을 입력하면 그대로 캔버스에 들어갑니다.,HTML 삽입 중 작성창이 비었을 때,F-012,placeholder
TXT-010,live,1.0.0,1.0.0,SCR-003 · SCR-016 · SCR-017,힌트,Ctrl / ⌘ + Enter — 블록 저장,블록을 고르지 않았을 때,F-001,
TXT-011,live,1.0.0,1.0.0,SCR-003 · SCR-016 · SCR-017,버튼,↑ 캔버스에 올리기,작성 중,F-001,
TXT-012,live,1.0.0,1.0.0,SCR-004 · SCR-018,힌트,고른 블록 하나만 고칩니다 · 도구 › 서식 설정은 전체 기본값입니다,블록 선택 · 따로 지정한 값 없음,F-003,
TXT-013,live,1.0.0,1.0.0,SCR-004 · SCR-018,힌트,이 블록만 따로 지정 — (항목),블록 선택 · 따로 지정한 값 있음,F-005,
TXT-014,live,1.0.0,1.0.0,SCR-004 · SCR-018,버튼,전체 설정 따르기,따로 지정한 값 있음,F-005,
TXT-015,live,1.0.0,1.0.0,SCR-005 · SCR-019,버튼,이미지 넣기,새 이미지를 고르는 중,F-011,
TXT-016,live,1.0.0,1.0.0,SCR-005 · SCR-019,버튼,자른 대로 적용,이미지 블록 편집 중,F-011,
TXT-017,live,1.0.0,1.0.0,SCR-011 · SCR-024,힌트,캐릭터를 등록합니다. 블록을 말풍선으로 바꾸면 발화자로 고를 수 있습니다.,캐릭터 탭,F-017,
TXT-018,live,1.0.0,1.0.0,SCR-012 · SCR-025,힌트,"이미지의 크기와 여백입니다. 내용에 맞추거나, 비율을 정할 수 있습니다.",캔버스 탭,F-018,
TXT-019,live,1.0.0,1.0.0,SCR-013 · SCR-026,힌트,배경·말풍선·전반적인 서식을 한 테마로 저장합니다.,테마 탭,F-021,
TXT-020,live,1.0.0,1.0.0,SCR-002 · SCR-015,라벨,이미지 · HTML · 음악 · 서명 · 가로선 · 선택 삭제,NAV 열림,F-040,고른 칩은 «이미지 변경» 처럼 바뀐다 · [선택 삭제] 는 블록 1개 이상일 때만 · 좁은 화면은 이름이 접힌다
TXT-021,live,1.0.0,1.0.0,SCR-028,모달,붙여넣은 글에 지울 것이 있습니다,태그·마커·따옴표 감지,F-002,제목
TXT-022,live,1.0.0,1.0.0,SCR-028,모달,고른 것만 걷어내고 캔버스에 올립니다. 단추로 준 서식은 건드리지 않습니다.,태그·마커·따옴표 감지,F-002,설명
TXT-023,live,1.0.0,1.0.0,SCR-029,모달,초기화할 항목을 선택하세요,초기화 열기,F-032,제목
TXT-024,live,1.0.0,1.0.0,SCR-029,모달,선택한 항목만 기본 상태로 되돌립니다. 선택하지 않은 항목은 그대로 유지됩니다.,초기화 열기,F-032,설명 · 항목별 설명 5줄은 openResetModal
TXT-025,live,1.0.0,1.0.0,SCR-030,모달,내보낼 항목을 선택하세요,내보내기 열기,F-030,제목
TXT-026,live,1.0.0,1.0.0,SCR-030,모달,고른 항목만 파일에 담깁니다. 작성한 내용(블록)은 담기지 않습니다.,내보내기 열기,F-030,설명
TXT-027,live,1.0.0,1.0.0,SCR-031,모달,불러올 항목을 선택하세요,유효한 설정 파일,F-031,제목
TXT-028,live,1.0.0,1.0.0,SCR-031,인라인,이 파일에는 없습니다,파일에 그 갈래가 없음,F-031,항목 설명 자리
TXT-029,live,1.0.0,1.0.0,SCR-032,모달,저장하지 않은 테마 수정이 있습니다,테마 초안 변경됨,F-023,제목 · 밸리데이션과 공유
TXT-030,live,1.0.0,1.0.0,SCR-032,모달,"고치던 내용을 담고 나갈지, 버리고 나갈지 고르세요. 창 바깥을 누르면 돌아가 마저 고칩니다.",테마 초안 변경됨,F-023,
TXT-031,live,1.0.0,1.0.0,SCR-034,모달,"고른 비율은 캔버스에도 그대로 적용됩니다. 끌어서 위치를, 아래에서 크기를 맞추세요.",배경 이미지 열기,F-027,
TXT-032,live,1.0.0,1.0.0,SCR-036,모달,이미지가 완성됐습니다,한 장 저장,F-029,여러 장은 «이미지 N장이 완성됐습니다»
TXT-033,live,1.0.0,1.0.0,SCR-036,힌트,공유를 눌러 “이미지 저장”을 고르면 사진첩에 들어갑니다. 아래 이미지를 길게 눌러 저장해도 됩니다.,iOS,F-029,그 밖의 기기는 «내려받거나 다른 앱으로 보낼 수 있습니다.»
TXT-034,live,1.0.0,1.0.0,SCR-037,인라인,사진을 놓으면 이미지 블록으로 추가됩니다,파일을 끌어오는 중,F-011,
TXT-035,live,1.0.0,1.0.0,SCR-038,모달,지금 캔버스에 있는 내용을 지우고 설명 화면을 깔까요?,#demo · 블록 있음,F-035,브라우저 confirm
TXT-036,live,1.0.0,1.0.0,SCR-001,토스트,블록을 복제했습니다 · 블록을 삭제했습니다 · 순서를 옮겼습니다 · N개를 삭제했습니다,해당 동작 성공,F-007,성공 안내 토스트 · 오류가 아니라 이곳에 둔다
TXT-037,live,1.0.0,1.0.0,SCR-001,토스트,되돌렸습니다 · 다시 실행했습니다,되돌리기·다시 실행,F-016,
TXT-038,live,1.0.0,1.0.0,SCR-001,토스트,저장했습니다 · N장으로 저장했습니다 · 저장 준비 중… · 이미지 만드는 중… (i/N),이미지 저장 진행·완료,F-028,
TXT-039,live,1.0.0,1.0.0,SCR-001,토스트,테마를 저장했습니다 · 테마를 복제했습니다 · 테마를 삭제했습니다 · 기본값으로 되돌렸습니다 · 저장해야 확정됩니다,테마 동작 성공,F-022,
TXT-040,live,1.0.0,1.0.0,SCR-001,토스트,내보냈습니다 · (항목) / 더했습니다 · (항목) / 덮어썼습니다 · (항목),설정 내보내기·불러오기 성공,F-030,
TXT-041,live,1.0.0,1.0.0,SCR-010 · SCR-016 · SCR-017,라벨,캐릭터 추가 · 캔버스 설정 · 테마 설정,도구 탭,F-042,좁은 폭에서는 뒤 낱말(추가·설정)이 접힌다
TXT-042,live,1.0.0,1.0.0,SCR-009 · SCR-023,버튼,전체 선택 · 전체 해제 · N개 삭제 · 0개 선택 · 취소,선택 삭제 모드,F-010,다 골랐으면 전체 해제 · 0개면 «0개 선택» (비활성)
TXT-043,live,1.0.0,1.0.0,SCR-004 · SCR-018,버튼,복제 · 삭제 · 삭제 확인,블록 선택,F-008,[삭제] 를 누르면 3초 동안 «삭제 확인» 으로 바뀐다 · 복제는 F-007
TXT-044,live,1.0.0,1.0.0,SCR-004 · SCR-018,라벨,말풍선으로 출력 · 위치 · 좌측 · 우측,텍스트 블록 선택,F-006,발화자가 없으면 좌측·우측 비활성
TXT-045,live,1.0.0,1.0.0,SCR-007 · SCR-008 · SCR-021 · SCR-022,버튼,확인,음악·서명 편집 중,F-013,적는 대로 반영되어 «다 썼다» 만 알린다 · 서명은 F-014
TXT-046,live,1.0.0,1.0.0,SCR-028,버튼,정리해서 올리기 · 그대로 올리기 · 취소,태그·마커·따옴표 감지,F-002,
TXT-047,live,1.0.0,1.0.0,SCR-029,버튼,선택 항목 초기화 · 취소,초기화 열기,F-032,하나도 고르지 않으면 비활성
TXT-048,live,1.0.0,1.0.0,SCR-030,버튼,선택 항목 내보내기 · 취소,내보내기 열기,F-030,하나도 고르지 않으면 비활성
TXT-049,live,1.0.0,1.0.0,SCR-031,버튼,선택 항목 불러오기 · 취소,유효한 설정 파일,F-031,하나도 고르지 않으면 비활성
TXT-050,live,1.0.0,1.0.0,SCR-031,라벨,기존에 더하기 · 덮어쓰기,유효한 설정 파일,F-031,불러오기 방식
TXT-051,live,1.0.0,1.0.0,SCR-032,버튼,저장 · 버리고 나가기,테마 초안 변경됨,F-023,바깥 탭은 돌아가기
TXT-052,live,1.0.0,1.0.0,SCR-011 · SCR-014 · SCR-024 · SCR-027,버튼,저장 · 저장됨,캐릭터·테마 편집 중,F-022,바뀐 것이 있으면 저장 · 없으면 저장됨(비활성) · 제목 끝에 • 가 붙는다 · 캐릭터는 F-017
TXT-053,live,1.0.0,1.0.0,SCR-033,모달,캐릭터 이미지,이미지 자르기 열기,F-045,제목 · 부르는 쪽이 바꾼다
TXT-054,live,1.0.0,1.0.0,SCR-033,모달,정사각형으로 잘라 넣습니다. 끌어서 위치를 맞추세요.,1:1 틀,F-045,4:3 틀 문구는 TXT-070
TXT-055,live,1.0.0,1.0.0,SCR-033 · SCR-034,버튼,이미지 바꾸기 · 제거 · 취소 · 확인,자르기 모달,F-045,이미지 바꾸기는 이미지가 있을 때만 · 배경은 F-046
TXT-056,live,1.0.0,1.0.0,SCR-033 · SCR-034,라벨,확대,자르기 모달,F-045,
TXT-057,live,1.0.0,1.0.0,SCR-036,버튼,↗ 공유 · 사진 앱에 저장 · ↓ 이미지 내려받기 · ⧉ 이미지 복사 · 닫기,저장 결과 시트,F-029,공유는 Web Share 가 파일을 받을 때만 · 복사는 한 장 AND 클립보드 이미지 지원일 때만
TXT-058,live,1.0.0,1.0.0,SCR-012 · SCR-025,버튼,내용 맞춤 · 비율 지정,캔버스 탭 · 프레임 잠금 아님,F-019,비율 지정은 F-018
TXT-059,live,1.0.0,1.0.0,SCR-012 · SCR-025,힌트,내용에 맞춰 캔버스 크기와 비율이 함께 수정,내용 맞춤,F-019,
TXT-060,live,1.0.0,1.0.0,SCR-012 · SCR-025,힌트,비율에 맞춰 페이지를 여러 장으로 자동 분할,비율 지정,F-018,
TXT-061,live,1.0.0,1.0.0,SCR-012 · SCR-025,라벨,4:3 고정,프레임이 판형을 잠금,F-018,옆 안내는 밸리데이션 (RL-013)
TXT-062,live,1.0.0,1.0.0,SCR-001,토스트,가로선을 넣었습니다,가로선 넣기,F-015,
TXT-063,live,1.0.0,1.0.0,SCR-001,토스트,이미지를 추가했습니다 · 이미지를 수정했습니다,이미지 넣기·적용,F-011,
TXT-064,live,1.0.0,1.0.0,SCR-001,토스트,저장했습니다 · 캐릭터를 복제했습니다 · 삭제했습니다 · 삭제했습니다 · 블록 N개의 발화자 해제 · 수정을 취소했습니다,캐릭터 동작 성공,F-017,
TXT-065,live,1.0.0,1.0.0,SCR-001,토스트,(항목)을 초기화했습니다 · (항목) 초기화 · 새로 받는 중… · 캐시를 비우고 새로 받는 중…,초기화 성공,F-032,앱 캐시는 F-033
TXT-066,live,1.0.0,1.0.0,SCR-001,토스트,설명 화면을 깔았습니다,#demo 로 깔기,F-035,
TXT-067,live,1.0.0,1.0.0,SCR-001,토스트,진단 정보를 복사했습니다 · 문제 상황과 함께 보내 주세요,진단 복사 성공,F-039,
TXT-068,live,1.0.0,1.0.0,SCR-001,토스트,이 블록도 전체 설정을 따릅니다,[전체 설정 따르기],F-005,
TXT-069,live,1.0.0,1.0.0,SCR-001,토스트,이미지를 복사했습니다,저장 결과 복사 성공,F-029,
TXT-070,live,1.0.0,1.0.0,SCR-033,모달,"4:3 으로 잘라 넣습니다. 끌어서 위치를, 아래에서 크기를 맞추세요.",4:3 틀 (화면머리 사진),F-045,
